path,file,sizeBytes,size,mime,width,height,orientation,suggestedCategory,placementSuggestions
Images/Draco Coffee And Eatery - Google Maps_files/2024-02-15.jpg,2024-02-15.jpg,2589,2.5 KB,image/jpeg,64,64,square-ish,uncertain,
Images/Draco Coffee And Eatery - Google Maps_files/GoogleMaps_Logo_WithDarkOutline.png,GoogleMaps_Logo_WithDarkOutline.png,2133,2.1 KB,image/png,210,44,landscape,map-screenshot,contact/location-section
Images/Draco Coffee And Eatery - Google Maps_files/GoogleMaps_Logo_WithLightOutline.png,GoogleMaps_Logo_WithLightOutline.png,2113,2.1 KB,image/png,210,44,landscape,map-screenshot,contact/location-section
Images/Draco Coffee And Eatery - Google Maps_files/lockup_maps_color_131x24dp.png,lockup_maps_color_131x24dp.png,4596,4.5 KB,image/png,262,48,landscape,uncertain,
Images/Draco Coffee And Eatery - Google Maps_files/transparent.png,transparent.png,68,68.0 B,image/png,1,1,square-ish,uncertain,
Images/Draco Coffee And Eatery - Google Maps_files/unnamed(1).png,unnamed(1).png,11171,10.9 KB,image/png,72,72,square-ish,uncertain,
Images/Draco Coffee And Eatery - Google Maps_files/unnamed(10).png,unnamed(10).png,235,235.0 B,image/png,32,32,square-ish,uncertain,
Images/Draco Coffee And Eatery - Google Maps_files/unnamed(2).png,unnamed(2).png,13940,13.6 KB,image/png,72,72,square-ish,uncertain,
Images/Draco Coffee And Eatery - Google Maps_files/unnamed(3).png,unnamed(3).png,13227,12.9 KB,image/png,72,72,square-ish,uncertain,
Images/Draco Coffee And Eatery - Google Maps_files/unnamed(4).png,unnamed(4).png,12434,12.1 KB,image/png,72,72,square-ish,uncertain,
Images/Draco Coffee And Eatery - Google Maps_files/unnamed(5).png,unnamed(5).png,9858,9.6 KB,image/png,72,72,square-ish,uncertain,
Images/Draco Coffee And Eatery - Google Maps_files/unnamed(6).png,unnamed(6).png,13747,13.4 KB,image/png,72,72,square-ish,uncertain,
Images/Draco Coffee And Eatery - Google Maps_files/unnamed(7).png,unnamed(7).png,13393,13.1 KB,image/png,72,72,square-ish,uncertain,
Images/Draco Coffee And Eatery - Google Maps_files/unnamed(8).png,unnamed(8).png,10681,10.4 KB,image/png,72,72,square-ish,uncertain,
Images/Draco Coffee And Eatery - Google Maps_files/unnamed(9).png,unnamed(9).png,9190,9.0 KB,image/png,72,72,square-ish,uncertain,
Images/Draco Coffee And Eatery - Google Maps_files/unnamed.jpg,unnamed.jpg,95429,93.2 KB,image/jpeg,384,512,portrait,uncertain,
Images/Draco Coffee And Eatery - Google Maps_files/unnamed.png,unnamed.png,12064,11.8 KB,image/png,72,72,square-ish,uncertain,
Images/Draco Coffee And Eatery 10_files/2024-02-15.jpg,2024-02-15.jpg,2589,2.5 KB,image/jpeg,64,64,square-ish,uncertain,
Images/Draco Coffee And Eatery 10_files/GoogleMaps_Logo_WithDarkOutline.png,GoogleMaps_Logo_WithDarkOutline.png,2133,2.1 KB,image/png,210,44,landscape,map-screenshot,contact/location-section
Images/Draco Coffee And Eatery 10_files/GoogleMaps_Logo_WithLightOutline.png,GoogleMaps_Logo_WithLightOutline.png,2113,2.1 KB,image/png,210,44,landscape,map-screenshot,contact/location-section
Images/Draco Coffee And Eatery 10_files/lockup_maps_color_131x24dp.png,lockup_maps_color_131x24dp.png,4596,4.5 KB,image/png,262,48,landscape,uncertain,
Images/Draco Coffee And Eatery 10_files/transparent.png,transparent.png,68,68.0 B,image/png,1,1,square-ish,uncertain,
Images/Draco Coffee And Eatery 10_files/unnamed(1).png,unnamed(1).png,11171,10.9 KB,image/png,72,72,square-ish,uncertain,
Images/Draco Coffee And Eatery 10_files/unnamed(10).png,unnamed(10).png,3302,3.2 KB,image/png,72,72,square-ish,uncertain,
Images/Draco Coffee And Eatery 10_files/unnamed(11).png,unnamed(11).png,12624,12.3 KB,image/png,72,72,square-ish,uncertain,
Images/Draco Coffee And Eatery 10_files/unnamed(12).png,unnamed(12).png,1728,1.7 KB,image/png,72,72,square-ish,uncertain,
Images/Draco Coffee And Eatery 10_files/unnamed(13).png,unnamed(13).png,13091,12.8 KB,image/png,72,72,square-ish,uncertain,
Images/Draco Coffee And Eatery 10_files/unnamed(14).png,unnamed(14).png,11958,11.7 KB,image/png,72,72,square-ish,uncertain,
Images/Draco Coffee And Eatery 10_files/unnamed(15).png,unnamed(15).png,11007,10.7 KB,image/png,72,72,square-ish,uncertain,
Images/Draco Coffee And Eatery 10_files/unnamed(16).png,unnamed(16).png,3749,3.7 KB,image/png,72,72,square-ish,uncertain,
Images/Draco Coffee And Eatery 10_files/unnamed(17).png,unnamed(17).png,7564,7.4 KB,image/png,72,72,square-ish,uncertain,
Images/Draco Coffee And Eatery 10_files/unnamed(18).png,unnamed(18).png,11521,11.3 KB,image/png,72,72,square-ish,uncertain,
Images/Draco Coffee And Eatery 10_files/unnamed(19).png,unnamed(19).png,11465,11.2 KB,image/png,72,72,square-ish,uncertain,
Images/Draco Coffee And Eatery 10_files/unnamed(2).png,unnamed(2).png,13940,13.6 KB,image/png,72,72,square-ish,uncertain,
Images/Draco Coffee And Eatery 10_files/unnamed(20).png,unnamed(20).png,11883,11.6 KB,image/png,72,72,square-ish,uncertain,
Images/Draco Coffee And Eatery 10_files/unnamed(21).png,unnamed(21).png,4248,4.1 KB,image/png,72,72,square-ish,uncertain,
Images/Draco Coffee And Eatery 10_files/unnamed(22).png,unnamed(22).png,12060,11.8 KB,image/png,72,72,square-ish,uncertain,
Images/Draco Coffee And Eatery 10_files/unnamed(23).png,unnamed(23).png,3695,3.6 KB,image/png,72,72,square-ish,uncertain,
Images/Draco Coffee And Eatery 10_files/unnamed(24).png,unnamed(24).png,10328,10.1 KB,image/png,72,72,square-ish,uncertain,
Images/Draco Coffee And Eatery 10_files/unnamed(25).png,unnamed(25).png,13179,12.9 KB,image/png,72,72,square-ish,uncertain,
Images/Draco Coffee And Eatery 10_files/unnamed(26).png,unnamed(26).png,12034,11.8 KB,image/png,72,72,square-ish,uncertain,
Images/Draco Coffee And Eatery 10_files/unnamed(27).png,unnamed(27).png,13302,13.0 KB,image/png,72,72,square-ish,uncertain,
Images/Draco Coffee And Eatery 10_files/unnamed(28).png,unnamed(28).png,12106,11.8 KB,image/png,72,72,square-ish,uncertain,
Images/Draco Coffee And Eatery 10_files/unnamed(29).png,unnamed(29).png,1788,1.7 KB,image/png,72,72,square-ish,uncertain,
Images/Draco Coffee And Eatery 10_files/unnamed(3).png,unnamed(3).png,13227,12.9 KB,image/png,72,72,square-ish,uncertain,
Images/Draco Coffee And Eatery 10_files/unnamed(30).png,unnamed(30).png,8486,8.3 KB,image/png,72,72,square-ish,uncertain,
Images/Draco Coffee And Eatery 10_files/unnamed(31).png,unnamed(31).png,11020,10.8 KB,image/png,72,72,square-ish,uncertain,
Images/Draco Coffee And Eatery 10_files/unnamed(32).png,unnamed(32).png,10358,10.1 KB,image/png,72,72,square-ish,uncertain,
Images/Draco Coffee And Eatery 10_files/unnamed(33).png,unnamed(33).png,8851,8.6 KB,image/png,72,72,square-ish,uncertain,
Images/Draco Coffee And Eatery 10_files/unnamed(34).png,unnamed(34).png,12184,11.9 KB,image/png,72,72,square-ish,uncertain,
Images/Draco Coffee And Eatery 10_files/unnamed(35).png,unnamed(35).png,14200,13.9 KB,image/png,72,72,square-ish,uncertain,
Images/Draco Coffee And Eatery 10_files/unnamed(36).png,unnamed(36).png,9331,9.1 KB,image/png,72,72,square-ish,uncertain,
Images/Draco Coffee And Eatery 10_files/unnamed(37).png,unnamed(37).png,3804,3.7 KB,image/png,72,72,square-ish,uncertain,
Images/Draco Coffee And Eatery 10_files/unnamed(38).png,unnamed(38).png,2499,2.4 KB,image/png,72,72,square-ish,uncertain,
Images/Draco Coffee And Eatery 10_files/unnamed(39).png,unnamed(39).png,3740,3.7 KB,image/png,72,72,square-ish,uncertain,
Images/Draco Coffee And Eatery 10_files/unnamed(4).png,unnamed(4).png,12434,12.1 KB,image/png,72,72,square-ish,uncertain,
Images/Draco Coffee And Eatery 10_files/unnamed(40).png,unnamed(40).png,11947,11.7 KB,image/png,72,72,square-ish,uncertain,
Images/Draco Coffee And Eatery 10_files/unnamed(41).png,unnamed(41).png,3762,3.7 KB,image/png,72,72,square-ish,uncertain,
Images/Draco Coffee And Eatery 10_files/unnamed(42).png,unnamed(42).png,12225,11.9 KB,image/png,72,72,square-ish,uncertain,
Images/Draco Coffee And Eatery 10_files/unnamed(43).png,unnamed(43).png,3877,3.8 KB,image/png,72,72,square-ish,uncertain,
Images/Draco Coffee And Eatery 10_files/unnamed(44).png,unnamed(44).png,2427,2.4 KB,image/png,72,72,square-ish,uncertain,
Images/Draco Coffee And Eatery 10_files/unnamed(45).png,unnamed(45).png,12848,12.5 KB,image/png,72,72,square-ish,uncertain,
Images/Draco Coffee And Eatery 10_files/unnamed(46).png,unnamed(46).png,12317,12.0 KB,image/png,72,72,square-ish,uncertain,
Images/Draco Coffee And Eatery 10_files/unnamed(47).png,unnamed(47).png,2472,2.4 KB,image/png,72,72,square-ish,uncertain,
Images/Draco Coffee And Eatery 10_files/unnamed(48).png,unnamed(48).png,13122,12.8 KB,image/png,72,72,square-ish,uncertain,
Images/Draco Coffee And Eatery 10_files/unnamed(49).png,unnamed(49).png,11345,11.1 KB,image/png,72,72,square-ish,uncertain,
Images/Draco Coffee And Eatery 10_files/unnamed(5).png,unnamed(5).png,9858,9.6 KB,image/png,72,72,square-ish,uncertain,
Images/Draco Coffee And Eatery 10_files/unnamed(50).png,unnamed(50).png,2213,2.2 KB,image/png,72,72,square-ish,uncertain,
Images/Draco Coffee And Eatery 10_files/unnamed(51).png,unnamed(51).png,11911,11.6 KB,image/png,72,72,square-ish,uncertain,
Images/Draco Coffee And Eatery 10_files/unnamed(52).png,unnamed(52).png,9584,9.4 KB,image/png,72,72,square-ish,uncertain,
Images/Draco Coffee And Eatery 10_files/unnamed(53).png,unnamed(53).png,11225,11.0 KB,image/png,72,72,square-ish,uncertain,
Images/Draco Coffee And Eatery 10_files/unnamed(54).png,unnamed(54).png,10345,10.1 KB,image/png,72,72,square-ish,uncertain,
Images/Draco Coffee And Eatery 10_files/unnamed(55).png,unnamed(55).png,7917,7.7 KB,image/png,72,72,square-ish,uncertain,
Images/Draco Coffee And Eatery 10_files/unnamed(56).png,unnamed(56).png,2391,2.3 KB,image/png,72,72,square-ish,uncertain,
Images/Draco Coffee And Eatery 10_files/unnamed(57).png,unnamed(57).png,8833,8.6 KB,image/png,72,72,square-ish,uncertain,
Images/Draco Coffee And Eatery 10_files/unnamed(58).png,unnamed(58).png,11634,11.4 KB,image/png,72,72,square-ish,uncertain,
Images/Draco Coffee And Eatery 10_files/unnamed(59).png,unnamed(59).png,11586,11.3 KB,image/png,72,72,square-ish,uncertain,
Images/Draco Coffee And Eatery 10_files/unnamed(6).png,unnamed(6).png,13747,13.4 KB,image/png,72,72,square-ish,uncertain,
Images/Draco Coffee And Eatery 10_files/unnamed(60).png,unnamed(60).png,12070,11.8 KB,image/png,72,72,square-ish,uncertain,
Images/Draco Coffee And Eatery 10_files/unnamed(61).png,unnamed(61).png,12390,12.1 KB,image/png,72,72,square-ish,uncertain,
Images/Draco Coffee And Eatery 10_files/unnamed(62).png,unnamed(62).png,12439,12.1 KB,image/png,72,72,square-ish,uncertain,
Images/Draco Coffee And Eatery 10_files/unnamed(63).png,unnamed(63).png,1843,1.8 KB,image/png,72,72,square-ish,uncertain,
Images/Draco Coffee And Eatery 10_files/unnamed(64).png,unnamed(64).png,10803,10.5 KB,image/png,72,72,square-ish,uncertain,
Images/Draco Coffee And Eatery 10_files/unnamed(65).png,unnamed(65).png,10521,10.3 KB,image/png,72,72,square-ish,uncertain,
Images/Draco Coffee And Eatery 10_files/unnamed(66).png,unnamed(66).png,2075,2.0 KB,image/png,72,72,square-ish,uncertain,
Images/Draco Coffee And Eatery 10_files/unnamed(67).png,unnamed(67).png,12668,12.4 KB,image/png,72,72,square-ish,uncertain,
Images/Draco Coffee And Eatery 10_files/unnamed(68).png,unnamed(68).png,4817,4.7 KB,image/png,72,72,square-ish,uncertain,
Images/Draco Coffee And Eatery 10_files/unnamed(69).png,unnamed(69).png,4054,4.0 KB,image/png,72,72,square-ish,uncertain,
Images/Draco Coffee And Eatery 10_files/unnamed(7).png,unnamed(7).png,13393,13.1 KB,image/png,72,72,square-ish,uncertain,
Images/Draco Coffee And Eatery 10_files/unnamed(70).png,unnamed(70).png,7256,7.1 KB,image/png,72,72,square-ish,uncertain,
Images/Draco Coffee And Eatery 10_files/unnamed(71).png,unnamed(71).png,7046,6.9 KB,image/png,72,72,square-ish,uncertain,
Images/Draco Coffee And Eatery 10_files/unnamed(72).png,unnamed(72).png,1894,1.8 KB,image/png,72,72,square-ish,uncertain,
Images/Draco Coffee And Eatery 10_files/unnamed(73).png,unnamed(73).png,10328,10.1 KB,image/png,72,72,square-ish,uncertain,
Images/Draco Coffee And Eatery 10_files/unnamed(74).png,unnamed(74).png,5015,4.9 KB,image/png,72,72,square-ish,uncertain,
Images/Draco Coffee And Eatery 10_files/unnamed(75).png,unnamed(75).png,11211,10.9 KB,image/png,72,72,square-ish,uncertain,
Images/Draco Coffee And Eatery 10_files/unnamed(76).png,unnamed(76).png,3882,3.8 KB,image/png,72,72,square-ish,uncertain,
Images/Draco Coffee And Eatery 10_files/unnamed(77).png,unnamed(77).png,3903,3.8 KB,image/png,72,72,square-ish,uncertain,
Images/Draco Coffee And Eatery 10_files/unnamed(78).png,unnamed(78).png,10974,10.7 KB,image/png,72,72,square-ish,uncertain,
Images/Draco Coffee And Eatery 10_files/unnamed(79).png,unnamed(79).png,1827,1.8 KB,image/png,72,72,square-ish,uncertain,
Images/Draco Coffee And Eatery 10_files/unnamed(8).png,unnamed(8).png,10681,10.4 KB,image/png,72,72,square-ish,uncertain,
Images/Draco Coffee And Eatery 10_files/unnamed(80).png,unnamed(80).png,3719,3.6 KB,image/png,72,72,square-ish,uncertain,
Images/Draco Coffee And Eatery 10_files/unnamed(81).png,unnamed(81).png,12104,11.8 KB,image/png,72,72,square-ish,uncertain,
Images/Draco Coffee And Eatery 10_files/unnamed(82).png,unnamed(82).png,13498,13.2 KB,image/png,72,72,square-ish,uncertain,
Images/Draco Coffee And Eatery 10_files/unnamed(83).png,unnamed(83).png,11977,11.7 KB,image/png,72,72,square-ish,uncertain,
Images/Draco Coffee And Eatery 10_files/unnamed(84).png,unnamed(84).png,7889,7.7 KB,image/png,72,72,square-ish,uncertain,
Images/Draco Coffee And Eatery 10_files/unnamed(85).png,unnamed(85).png,10250,10.0 KB,image/png,72,72,square-ish,uncertain,
Images/Draco Coffee And Eatery 10_files/unnamed(86).png,unnamed(86).png,7970,7.8 KB,image/png,72,72,square-ish,uncertain,
Images/Draco Coffee And Eatery 10_files/unnamed(87).png,unnamed(87).png,7882,7.7 KB,image/png,72,72,square-ish,uncertain,
Images/Draco Coffee And Eatery 10_files/unnamed(88).png,unnamed(88).png,12633,12.3 KB,image/png,72,72,square-ish,uncertain,
Images/Draco Coffee And Eatery 10_files/unnamed(89).png,unnamed(89).png,5758,5.6 KB,image/png,72,72,square-ish,uncertain,
Images/Draco Coffee And Eatery 10_files/unnamed(9).png,unnamed(9).png,9190,9.0 KB,image/png,72,72,square-ish,uncertain,
Images/Draco Coffee And Eatery 10_files/unnamed(90).png,unnamed(90).png,235,235.0 B,image/png,32,32,square-ish,uncertain,
Images/Draco Coffee And Eatery 10_files/unnamed.jpg,unnamed.jpg,95429,93.2 KB,image/jpeg,384,512,portrait,uncertain,
Images/Draco Coffee And Eatery 10_files/unnamed.png,unnamed.png,12064,11.8 KB,image/png,72,72,square-ish,uncertain,
Images/Draco Coffee And Eatery 1_files/2024-02-15.jpg,2024-02-15.jpg,2589,2.5 KB,image/jpeg,64,64,square-ish,uncertain,
Images/Draco Coffee And Eatery 1_files/GoogleMaps_Logo_WithDarkOutline.png,GoogleMaps_Logo_WithDarkOutline.png,2133,2.1 KB,image/png,210,44,landscape,map-screenshot,contact/location-section
Images/Draco Coffee And Eatery 1_files/GoogleMaps_Logo_WithLightOutline.png,GoogleMaps_Logo_WithLightOutline.png,2113,2.1 KB,image/png,210,44,landscape,map-screenshot,contact/location-section
Images/Draco Coffee And Eatery 1_files/lockup_maps_color_131x24dp.png,lockup_maps_color_131x24dp.png,4596,4.5 KB,image/png,262,48,landscape,uncertain,
Images/Draco Coffee And Eatery 1_files/transparent.png,transparent.png,68,68.0 B,image/png,1,1,square-ish,uncertain,
Images/Draco Coffee And Eatery 1_files/unnamed(1).png,unnamed(1).png,11171,10.9 KB,image/png,72,72,square-ish,uncertain,
Images/Draco Coffee And Eatery 1_files/unnamed(10).png,unnamed(10).png,235,235.0 B,image/png,32,32,square-ish,uncertain,
Images/Draco Coffee And Eatery 1_files/unnamed(2).png,unnamed(2).png,13940,13.6 KB,image/png,72,72,square-ish,uncertain,
Images/Draco Coffee And Eatery 1_files/unnamed(3).png,unnamed(3).png,13227,12.9 KB,image/png,72,72,square-ish,uncertain,
Images/Draco Coffee And Eatery 1_files/unnamed(4).png,unnamed(4).png,12434,12.1 KB,image/png,72,72,square-ish,uncertain,
Images/Draco Coffee And Eatery 1_files/unnamed(5).png,unnamed(5).png,9858,9.6 KB,image/png,72,72,square-ish,uncertain,
Images/Draco Coffee And Eatery 1_files/unnamed(6).png,unnamed(6).png,13747,13.4 KB,image/png,72,72,square-ish,uncertain,
Images/Draco Coffee And Eatery 1_files/unnamed(7).png,unnamed(7).png,13393,13.1 KB,image/png,72,72,square-ish,uncertain,
Images/Draco Coffee And Eatery 1_files/unnamed(8).png,unnamed(8).png,10681,10.4 KB,image/png,72,72,square-ish,uncertain,
Images/Draco Coffee And Eatery 1_files/unnamed(9).png,unnamed(9).png,9190,9.0 KB,image/png,72,72,square-ish,uncertain,
Images/Draco Coffee And Eatery 1_files/unnamed.jpg,unnamed.jpg,95429,93.2 KB,image/jpeg,384,512,portrait,uncertain,
Images/Draco Coffee And Eatery 1_files/unnamed.png,unnamed.png,12064,11.8 KB,image/png,72,72,square-ish,uncertain,
Images/Draco Coffee And Eatery 2_files/2024-02-15.jpg,2024-02-15.jpg,2589,2.5 KB,image/jpeg,64,64,square-ish,uncertain,
Images/Draco Coffee And Eatery 2_files/GoogleMaps_Logo_WithDarkOutline.png,GoogleMaps_Logo_WithDarkOutline.png,2133,2.1 KB,image/png,210,44,landscape,map-screenshot,contact/location-section
Images/Draco Coffee And Eatery 2_files/GoogleMaps_Logo_WithLightOutline.png,GoogleMaps_Logo_WithLightOutline.png,2113,2.1 KB,image/png,210,44,landscape,map-screenshot,contact/location-section
Images/Draco Coffee And Eatery 2_files/lockup_maps_color_131x24dp.png,lockup_maps_color_131x24dp.png,4596,4.5 KB,image/png,262,48,landscape,uncertain,
Images/Draco Coffee And Eatery 2_files/transparent.png,transparent.png,68,68.0 B,image/png,1,1,square-ish,uncertain,
Images/Draco Coffee And Eatery 2_files/unnamed(1).png,unnamed(1).png,11171,10.9 KB,image/png,72,72,square-ish,uncertain,
Images/Draco Coffee And Eatery 2_files/unnamed(10).png,unnamed(10).png,235,235.0 B,image/png,32,32,square-ish,uncertain,
Images/Draco Coffee And Eatery 2_files/unnamed(2).png,unnamed(2).png,13940,13.6 KB,image/png,72,72,square-ish,uncertain,
Images/Draco Coffee And Eatery 2_files/unnamed(3).png,unnamed(3).png,13227,12.9 KB,image/png,72,72,square-ish,uncertain,
Images/Draco Coffee And Eatery 2_files/unnamed(4).png,unnamed(4).png,12434,12.1 KB,image/png,72,72,square-ish,uncertain,
Images/Draco Coffee And Eatery 2_files/unnamed(5).png,unnamed(5).png,9858,9.6 KB,image/png,72,72,square-ish,uncertain,
Images/Draco Coffee And Eatery 2_files/unnamed(6).png,unnamed(6).png,13747,13.4 KB,image/png,72,72,square-ish,uncertain,
Images/Draco Coffee And Eatery 2_files/unnamed(7).png,unnamed(7).png,13393,13.1 KB,image/png,72,72,square-ish,uncertain,
Images/Draco Coffee And Eatery 2_files/unnamed(8).png,unnamed(8).png,10681,10.4 KB,image/png,72,72,square-ish,uncertain,
Images/Draco Coffee And Eatery 2_files/unnamed(9).png,unnamed(9).png,9190,9.0 KB,image/png,72,72,square-ish,uncertain,
Images/Draco Coffee And Eatery 2_files/unnamed.jpg,unnamed.jpg,95429,93.2 KB,image/jpeg,384,512,portrait,uncertain,
Images/Draco Coffee And Eatery 2_files/unnamed.png,unnamed.png,12064,11.8 KB,image/png,72,72,square-ish,uncertain,
Images/Draco Coffee And Eatery 3_files/2024-02-15.jpg,2024-02-15.jpg,2589,2.5 KB,image/jpeg,64,64,square-ish,uncertain,
Images/Draco Coffee And Eatery 3_files/GoogleMaps_Logo_WithDarkOutline.png,GoogleMaps_Logo_WithDarkOutline.png,2133,2.1 KB,image/png,210,44,landscape,map-screenshot,contact/location-section
Images/Draco Coffee And Eatery 3_files/GoogleMaps_Logo_WithLightOutline.png,GoogleMaps_Logo_WithLightOutline.png,2113,2.1 KB,image/png,210,44,landscape,map-screenshot,contact/location-section
Images/Draco Coffee And Eatery 3_files/lockup_maps_color_131x24dp.png,lockup_maps_color_131x24dp.png,4596,4.5 KB,image/png,262,48,landscape,uncertain,
Images/Draco Coffee And Eatery 3_files/transparent.png,transparent.png,68,68.0 B,image/png,1,1,square-ish,uncertain,
Images/Draco Coffee And Eatery 3_files/unnamed(1).png,unnamed(1).png,11171,10.9 KB,image/png,72,72,square-ish,uncertain,
Images/Draco Coffee And Eatery 3_files/unnamed(10).png,unnamed(10).png,235,235.0 B,image/png,32,32,square-ish,uncertain,
Images/Draco Coffee And Eatery 3_files/unnamed(2).png,unnamed(2).png,13940,13.6 KB,image/png,72,72,square-ish,uncertain,
Images/Draco Coffee And Eatery 3_files/unnamed(3).png,unnamed(3).png,13227,12.9 KB,image/png,72,72,square-ish,uncertain,
Images/Draco Coffee And Eatery 3_files/unnamed(4).png,unnamed(4).png,12434,12.1 KB,image/png,72,72,square-ish,uncertain,
Images/Draco Coffee And Eatery 3_files/unnamed(5).png,unnamed(5).png,9858,9.6 KB,image/png,72,72,square-ish,uncertain,
Images/Draco Coffee And Eatery 3_files/unnamed(6).png,unnamed(6).png,13747,13.4 KB,image/png,72,72,square-ish,uncertain,
Images/Draco Coffee And Eatery 3_files/unnamed(7).png,unnamed(7).png,13393,13.1 KB,image/png,72,72,square-ish,uncertain,
Images/Draco Coffee And Eatery 3_files/unnamed(8).png,unnamed(8).png,10681,10.4 KB,image/png,72,72,square-ish,uncertain,
Images/Draco Coffee And Eatery 3_files/unnamed(9).png,unnamed(9).png,9190,9.0 KB,image/png,72,72,square-ish,uncertain,
Images/Draco Coffee And Eatery 3_files/unnamed.jpg,unnamed.jpg,95429,93.2 KB,image/jpeg,384,512,portrait,uncertain,
Images/Draco Coffee And Eatery 3_files/unnamed.png,unnamed.png,12064,11.8 KB,image/png,72,72,square-ish,uncertain,
Images/Draco Coffee And Eatery 4_files/2024-02-15.jpg,2024-02-15.jpg,2589,2.5 KB,image/jpeg,64,64,square-ish,uncertain,
Images/Draco Coffee And Eatery 4_files/GoogleMaps_Logo_WithDarkOutline.png,GoogleMaps_Logo_WithDarkOutline.png,2133,2.1 KB,image/png,210,44,landscape,map-screenshot,contact/location-section
Images/Draco Coffee And Eatery 4_files/GoogleMaps_Logo_WithLightOutline.png,GoogleMaps_Logo_WithLightOutline.png,2113,2.1 KB,image/png,210,44,landscape,map-screenshot,contact/location-section
Images/Draco Coffee And Eatery 4_files/lockup_maps_color_131x24dp.png,lockup_maps_color_131x24dp.png,4596,4.5 KB,image/png,262,48,landscape,uncertain,
Images/Draco Coffee And Eatery 4_files/transparent.png,transparent.png,68,68.0 B,image/png,1,1,square-ish,uncertain,
Images/Draco Coffee And Eatery 4_files/unnamed(1).png,unnamed(1).png,11171,10.9 KB,image/png,72,72,square-ish,uncertain,
Images/Draco Coffee And Eatery 4_files/unnamed(10).png,unnamed(10).png,235,235.0 B,image/png,32,32,square-ish,uncertain,
Images/Draco Coffee And Eatery 4_files/unnamed(2).png,unnamed(2).png,13940,13.6 KB,image/png,72,72,square-ish,uncertain,
Images/Draco Coffee And Eatery 4_files/unnamed(3).png,unnamed(3).png,13227,12.9 KB,image/png,72,72,square-ish,uncertain,
Images/Draco Coffee And Eatery 4_files/unnamed(4).png,unnamed(4).png,12434,12.1 KB,image/png,72,72,square-ish,uncertain,
Images/Draco Coffee And Eatery 4_files/unnamed(5).png,unnamed(5).png,9858,9.6 KB,image/png,72,72,square-ish,uncertain,
Images/Draco Coffee And Eatery 4_files/unnamed(6).png,unnamed(6).png,13747,13.4 KB,image/png,72,72,square-ish,uncertain,
Images/Draco Coffee And Eatery 4_files/unnamed(7).png,unnamed(7).png,13393,13.1 KB,image/png,72,72,square-ish,uncertain,
Images/Draco Coffee And Eatery 4_files/unnamed(8).png,unnamed(8).png,10681,10.4 KB,image/png,72,72,square-ish,uncertain,
Images/Draco Coffee And Eatery 4_files/unnamed(9).png,unnamed(9).png,9190,9.0 KB,image/png,72,72,square-ish,uncertain,
Images/Draco Coffee And Eatery 4_files/unnamed.jpg,unnamed.jpg,95429,93.2 KB,image/jpeg,384,512,portrait,uncertain,
Images/Draco Coffee And Eatery 4_files/unnamed.png,unnamed.png,12064,11.8 KB,image/png,72,72,square-ish,uncertain,
Images/Draco Coffee And Eatery 5_files/2024-02-15.jpg,2024-02-15.jpg,2589,2.5 KB,image/jpeg,64,64,square-ish,uncertain,
Images/Draco Coffee And Eatery 5_files/GoogleMaps_Logo_WithDarkOutline.png,GoogleMaps_Logo_WithDarkOutline.png,2133,2.1 KB,image/png,210,44,landscape,map-screenshot,contact/location-section
Images/Draco Coffee And Eatery 5_files/GoogleMaps_Logo_WithLightOutline.png,GoogleMaps_Logo_WithLightOutline.png,2113,2.1 KB,image/png,210,44,landscape,map-screenshot,contact/location-section
Images/Draco Coffee And Eatery 5_files/lockup_maps_color_131x24dp.png,lockup_maps_color_131x24dp.png,4596,4.5 KB,image/png,262,48,landscape,uncertain,
Images/Draco Coffee And Eatery 5_files/transparent.png,transparent.png,68,68.0 B,image/png,1,1,square-ish,uncertain,
Images/Draco Coffee And Eatery 5_files/unnamed(1).png,unnamed(1).png,11171,10.9 KB,image/png,72,72,square-ish,uncertain,
Images/Draco Coffee And Eatery 5_files/unnamed(10).png,unnamed(10).png,235,235.0 B,image/png,32,32,square-ish,uncertain,
Images/Draco Coffee And Eatery 5_files/unnamed(2).png,unnamed(2).png,13940,13.6 KB,image/png,72,72,square-ish,uncertain,
Images/Draco Coffee And Eatery 5_files/unnamed(3).png,unnamed(3).png,13227,12.9 KB,image/png,72,72,square-ish,uncertain,
Images/Draco Coffee And Eatery 5_files/unnamed(4).png,unnamed(4).png,12434,12.1 KB,image/png,72,72,square-ish,uncertain,
Images/Draco Coffee And Eatery 5_files/unnamed(5).png,unnamed(5).png,9858,9.6 KB,image/png,72,72,square-ish,uncertain,
Images/Draco Coffee And Eatery 5_files/unnamed(6).png,unnamed(6).png,13747,13.4 KB,image/png,72,72,square-ish,uncertain,
Images/Draco Coffee And Eatery 5_files/unnamed(7).png,unnamed(7).png,13393,13.1 KB,image/png,72,72,square-ish,uncertain,
Images/Draco Coffee And Eatery 5_files/unnamed(8).png,unnamed(8).png,10681,10.4 KB,image/png,72,72,square-ish,uncertain,
Images/Draco Coffee And Eatery 5_files/unnamed(9).png,unnamed(9).png,9190,9.0 KB,image/png,72,72,square-ish,uncertain,
Images/Draco Coffee And Eatery 5_files/unnamed.jpg,unnamed.jpg,95429,93.2 KB,image/jpeg,384,512,portrait,uncertain,
Images/Draco Coffee And Eatery 5_files/unnamed.png,unnamed.png,12064,11.8 KB,image/png,72,72,square-ish,uncertain,
Images/Draco Coffee And Eatery 6_files/2024-02-15.jpg,2024-02-15.jpg,2589,2.5 KB,image/jpeg,64,64,square-ish,uncertain,
Images/Draco Coffee And Eatery 6_files/GoogleMaps_Logo_WithDarkOutline.png,GoogleMaps_Logo_WithDarkOutline.png,2133,2.1 KB,image/png,210,44,landscape,map-screenshot,contact/location-section
Images/Draco Coffee And Eatery 6_files/GoogleMaps_Logo_WithLightOutline.png,GoogleMaps_Logo_WithLightOutline.png,2113,2.1 KB,image/png,210,44,landscape,map-screenshot,contact/location-section
Images/Draco Coffee And Eatery 6_files/lockup_maps_color_131x24dp.png,lockup_maps_color_131x24dp.png,4596,4.5 KB,image/png,262,48,landscape,uncertain,
Images/Draco Coffee And Eatery 6_files/transparent.png,transparent.png,68,68.0 B,image/png,1,1,square-ish,uncertain,
Images/Draco Coffee And Eatery 6_files/unnamed(1).png,unnamed(1).png,11171,10.9 KB,image/png,72,72,square-ish,uncertain,
Images/Draco Coffee And Eatery 6_files/unnamed(10).png,unnamed(10).png,235,235.0 B,image/png,32,32,square-ish,uncertain,
Images/Draco Coffee And Eatery 6_files/unnamed(2).png,unnamed(2).png,13940,13.6 KB,image/png,72,72,square-ish,uncertain,
Images/Draco Coffee And Eatery 6_files/unnamed(3).png,unnamed(3).png,13227,12.9 KB,image/png,72,72,square-ish,uncertain,
Images/Draco Coffee And Eatery 6_files/unnamed(4).png,unnamed(4).png,12434,12.1 KB,image/png,72,72,square-ish,uncertain,
Images/Draco Coffee And Eatery 6_files/unnamed(5).png,unnamed(5).png,9858,9.6 KB,image/png,72,72,square-ish,uncertain,
Images/Draco Coffee And Eatery 6_files/unnamed(6).png,unnamed(6).png,13747,13.4 KB,image/png,72,72,square-ish,uncertain,
Images/Draco Coffee And Eatery 6_files/unnamed(7).png,unnamed(7).png,13393,13.1 KB,image/png,72,72,square-ish,uncertain,
Images/Draco Coffee And Eatery 6_files/unnamed(8).png,unnamed(8).png,10681,10.4 KB,image/png,72,72,square-ish,uncertain,
Images/Draco Coffee And Eatery 6_files/unnamed(9).png,unnamed(9).png,9190,9.0 KB,image/png,72,72,square-ish,uncertain,
Images/Draco Coffee And Eatery 6_files/unnamed.jpg,unnamed.jpg,95429,93.2 KB,image/jpeg,384,512,portrait,uncertain,
Images/Draco Coffee And Eatery 6_files/unnamed.png,unnamed.png,12064,11.8 KB,image/png,72,72,square-ish,uncertain,
Images/Draco Coffee And Eatery 7_files/2024-02-15.jpg,2024-02-15.jpg,2589,2.5 KB,image/jpeg,64,64,square-ish,uncertain,
Images/Draco Coffee And Eatery 7_files/GoogleMaps_Logo_WithDarkOutline.png,GoogleMaps_Logo_WithDarkOutline.png,2133,2.1 KB,image/png,210,44,landscape,map-screenshot,contact/location-section
Images/Draco Coffee And Eatery 7_files/GoogleMaps_Logo_WithLightOutline.png,GoogleMaps_Logo_WithLightOutline.png,2113,2.1 KB,image/png,210,44,landscape,map-screenshot,contact/location-section
Images/Draco Coffee And Eatery 7_files/lockup_maps_color_131x24dp.png,lockup_maps_color_131x24dp.png,4596,4.5 KB,image/png,262,48,landscape,uncertain,
Images/Draco Coffee And Eatery 7_files/transparent.png,transparent.png,68,68.0 B,image/png,1,1,square-ish,uncertain,
Images/Draco Coffee And Eatery 7_files/unnamed(1).png,unnamed(1).png,11171,10.9 KB,image/png,72,72,square-ish,uncertain,
Images/Draco Coffee And Eatery 7_files/unnamed(10).png,unnamed(10).png,3302,3.2 KB,image/png,72,72,square-ish,uncertain,
Images/Draco Coffee And Eatery 7_files/unnamed(11).png,unnamed(11).png,12624,12.3 KB,image/png,72,72,square-ish,uncertain,
Images/Draco Coffee And Eatery 7_files/unnamed(12).png,unnamed(12).png,1728,1.7 KB,image/png,72,72,square-ish,uncertain,
Images/Draco Coffee And Eatery 7_files/unnamed(13).png,unnamed(13).png,13091,12.8 KB,image/png,72,72,square-ish,uncertain,
Images/Draco Coffee And Eatery 7_files/unnamed(14).png,unnamed(14).png,11958,11.7 KB,image/png,72,72,square-ish,uncertain,
Images/Draco Coffee And Eatery 7_files/unnamed(15).png,unnamed(15).png,11007,10.7 KB,image/png,72,72,square-ish,uncertain,
Images/Draco Coffee And Eatery 7_files/unnamed(16).png,unnamed(16).png,3749,3.7 KB,image/png,72,72,square-ish,uncertain,
Images/Draco Coffee And Eatery 7_files/unnamed(17).png,unnamed(17).png,7564,7.4 KB,image/png,72,72,square-ish,uncertain,
Images/Draco Coffee And Eatery 7_files/unnamed(18).png,unnamed(18).png,11521,11.3 KB,image/png,72,72,square-ish,uncertain,
Images/Draco Coffee And Eatery 7_files/unnamed(19).png,unnamed(19).png,11465,11.2 KB,image/png,72,72,square-ish,uncertain,
Images/Draco Coffee And Eatery 7_files/unnamed(2).png,unnamed(2).png,13940,13.6 KB,image/png,72,72,square-ish,uncertain,
Images/Draco Coffee And Eatery 7_files/unnamed(20).png,unnamed(20).png,11883,11.6 KB,image/png,72,72,square-ish,uncertain,
Images/Draco Coffee And Eatery 7_files/unnamed(21).png,unnamed(21).png,4248,4.1 KB,image/png,72,72,square-ish,uncertain,
Images/Draco Coffee And Eatery 7_files/unnamed(22).png,unnamed(22).png,12060,11.8 KB,image/png,72,72,square-ish,uncertain,
Images/Draco Coffee And Eatery 7_files/unnamed(23).png,unnamed(23).png,3695,3.6 KB,image/png,72,72,square-ish,uncertain,
Images/Draco Coffee And Eatery 7_files/unnamed(24).png,unnamed(24).png,10328,10.1 KB,image/png,72,72,square-ish,uncertain,
Images/Draco Coffee And Eatery 7_files/unnamed(25).png,unnamed(25).png,13179,12.9 KB,image/png,72,72,square-ish,uncertain,
Images/Draco Coffee And Eatery 7_files/unnamed(26).png,unnamed(26).png,12034,11.8 KB,image/png,72,72,square-ish,uncertain,
Images/Draco Coffee And Eatery 7_files/unnamed(27).png,unnamed(27).png,13302,13.0 KB,image/png,72,72,square-ish,uncertain,
Images/Draco Coffee And Eatery 7_files/unnamed(28).png,unnamed(28).png,12106,11.8 KB,image/png,72,72,square-ish,uncertain,
Images/Draco Coffee And Eatery 7_files/unnamed(29).png,unnamed(29).png,1788,1.7 KB,image/png,72,72,square-ish,uncertain,
Images/Draco Coffee And Eatery 7_files/unnamed(3).png,unnamed(3).png,13227,12.9 KB,image/png,72,72,square-ish,uncertain,
Images/Draco Coffee And Eatery 7_files/unnamed(30).png,unnamed(30).png,8486,8.3 KB,image/png,72,72,square-ish,uncertain,
Images/Draco Coffee And Eatery 7_files/unnamed(31).png,unnamed(31).png,11020,10.8 KB,image/png,72,72,square-ish,uncertain,
Images/Draco Coffee And Eatery 7_files/unnamed(32).png,unnamed(32).png,10358,10.1 KB,image/png,72,72,square-ish,uncertain,
Images/Draco Coffee And Eatery 7_files/unnamed(33).png,unnamed(33).png,8851,8.6 KB,image/png,72,72,square-ish,uncertain,
Images/Draco Coffee And Eatery 7_files/unnamed(34).png,unnamed(34).png,12184,11.9 KB,image/png,72,72,square-ish,uncertain,
Images/Draco Coffee And Eatery 7_files/unnamed(35).png,unnamed(35).png,14200,13.9 KB,image/png,72,72,square-ish,uncertain,
Images/Draco Coffee And Eatery 7_files/unnamed(36).png,unnamed(36).png,9331,9.1 KB,image/png,72,72,square-ish,uncertain,
Images/Draco Coffee And Eatery 7_files/unnamed(37).png,unnamed(37).png,3804,3.7 KB,image/png,72,72,square-ish,uncertain,
Images/Draco Coffee And Eatery 7_files/unnamed(38).png,unnamed(38).png,2499,2.4 KB,image/png,72,72,square-ish,uncertain,
Images/Draco Coffee And Eatery 7_files/unnamed(39).png,unnamed(39).png,3740,3.7 KB,image/png,72,72,square-ish,uncertain,
Images/Draco Coffee And Eatery 7_files/unnamed(4).png,unnamed(4).png,12434,12.1 KB,image/png,72,72,square-ish,uncertain,
Images/Draco Coffee And Eatery 7_files/unnamed(40).png,unnamed(40).png,235,235.0 B,image/png,32,32,square-ish,uncertain,
Images/Draco Coffee And Eatery 7_files/unnamed(5).png,unnamed(5).png,9858,9.6 KB,image/png,72,72,square-ish,uncertain,
Images/Draco Coffee And Eatery 7_files/unnamed(6).png,unnamed(6).png,13747,13.4 KB,image/png,72,72,square-ish,uncertain,
Images/Draco Coffee And Eatery 7_files/unnamed(7).png,unnamed(7).png,13393,13.1 KB,image/png,72,72,square-ish,uncertain,
Images/Draco Coffee And Eatery 7_files/unnamed(8).png,unnamed(8).png,10681,10.4 KB,image/png,72,72,square-ish,uncertain,
Images/Draco Coffee And Eatery 7_files/unnamed(9).png,unnamed(9).png,9190,9.0 KB,image/png,72,72,square-ish,uncertain,
Images/Draco Coffee And Eatery 7_files/unnamed.jpg,unnamed.jpg,95429,93.2 KB,image/jpeg,384,512,portrait,uncertain,
Images/Draco Coffee And Eatery 7_files/unnamed.png,unnamed.png,12064,11.8 KB,image/png,72,72,square-ish,uncertain,
Images/Draco Coffee And Eatery 8_files/2024-02-15.jpg,2024-02-15.jpg,2589,2.5 KB,image/jpeg,64,64,square-ish,uncertain,
Images/Draco Coffee And Eatery 8_files/GoogleMaps_Logo_WithDarkOutline.png,GoogleMaps_Logo_WithDarkOutline.png,2133,2.1 KB,image/png,210,44,landscape,map-screenshot,contact/location-section
Images/Draco Coffee And Eatery 8_files/GoogleMaps_Logo_WithLightOutline.png,GoogleMaps_Logo_WithLightOutline.png,2113,2.1 KB,image/png,210,44,landscape,map-screenshot,contact/location-section
Images/Draco Coffee And Eatery 8_files/lockup_maps_color_131x24dp.png,lockup_maps_color_131x24dp.png,4596,4.5 KB,image/png,262,48,landscape,uncertain,
Images/Draco Coffee And Eatery 8_files/transparent.png,transparent.png,68,68.0 B,image/png,1,1,square-ish,uncertain,
Images/Draco Coffee And Eatery 8_files/unnamed(1).png,unnamed(1).png,11171,10.9 KB,image/png,72,72,square-ish,uncertain,
Images/Draco Coffee And Eatery 8_files/unnamed(10).png,unnamed(10).png,3302,3.2 KB,image/png,72,72,square-ish,uncertain,
Images/Draco Coffee And Eatery 8_files/unnamed(11).png,unnamed(11).png,12624,12.3 KB,image/png,72,72,square-ish,uncertain,
Images/Draco Coffee And Eatery 8_files/unnamed(12).png,unnamed(12).png,1728,1.7 KB,image/png,72,72,square-ish,uncertain,
Images/Draco Coffee And Eatery 8_files/unnamed(13).png,unnamed(13).png,13091,12.8 KB,image/png,72,72,square-ish,uncertain,
Images/Draco Coffee And Eatery 8_files/unnamed(14).png,unnamed(14).png,11958,11.7 KB,image/png,72,72,square-ish,uncertain,
Images/Draco Coffee And Eatery 8_files/unnamed(15).png,unnamed(15).png,11007,10.7 KB,image/png,72,72,square-ish,uncertain,
Images/Draco Coffee And Eatery 8_files/unnamed(16).png,unnamed(16).png,3749,3.7 KB,image/png,72,72,square-ish,uncertain,
Images/Draco Coffee And Eatery 8_files/unnamed(17).png,unnamed(17).png,7564,7.4 KB,image/png,72,72,square-ish,uncertain,
Images/Draco Coffee And Eatery 8_files/unnamed(18).png,unnamed(18).png,11521,11.3 KB,image/png,72,72,square-ish,uncertain,
Images/Draco Coffee And Eatery 8_files/unnamed(19).png,unnamed(19).png,11465,11.2 KB,image/png,72,72,square-ish,uncertain,
Images/Draco Coffee And Eatery 8_files/unnamed(2).png,unnamed(2).png,13940,13.6 KB,image/png,72,72,square-ish,uncertain,
Images/Draco Coffee And Eatery 8_files/unnamed(20).png,unnamed(20).png,11883,11.6 KB,image/png,72,72,square-ish,uncertain,
Images/Draco Coffee And Eatery 8_files/unnamed(21).png,unnamed(21).png,4248,4.1 KB,image/png,72,72,square-ish,uncertain,
Images/Draco Coffee And Eatery 8_files/unnamed(22).png,unnamed(22).png,12060,11.8 KB,image/png,72,72,square-ish,uncertain,
Images/Draco Coffee And Eatery 8_files/unnamed(23).png,unnamed(23).png,3695,3.6 KB,image/png,72,72,square-ish,uncertain,
Images/Draco Coffee And Eatery 8_files/unnamed(24).png,unnamed(24).png,10328,10.1 KB,image/png,72,72,square-ish,uncertain,
Images/Draco Coffee And Eatery 8_files/unnamed(25).png,unnamed(25).png,13179,12.9 KB,image/png,72,72,square-ish,uncertain,
Images/Draco Coffee And Eatery 8_files/unnamed(26).png,unnamed(26).png,12034,11.8 KB,image/png,72,72,square-ish,uncertain,
Images/Draco Coffee And Eatery 8_files/unnamed(27).png,unnamed(27).png,13302,13.0 KB,image/png,72,72,square-ish,uncertain,
Images/Draco Coffee And Eatery 8_files/unnamed(28).png,unnamed(28).png,12106,11.8 KB,image/png,72,72,square-ish,uncertain,
Images/Draco Coffee And Eatery 8_files/unnamed(29).png,unnamed(29).png,1788,1.7 KB,image/png,72,72,square-ish,uncertain,
Images/Draco Coffee And Eatery 8_files/unnamed(3).png,unnamed(3).png,13227,12.9 KB,image/png,72,72,square-ish,uncertain,
Images/Draco Coffee And Eatery 8_files/unnamed(30).png,unnamed(30).png,8486,8.3 KB,image/png,72,72,square-ish,uncertain,
Images/Draco Coffee And Eatery 8_files/unnamed(31).png,unnamed(31).png,11020,10.8 KB,image/png,72,72,square-ish,uncertain,
Images/Draco Coffee And Eatery 8_files/unnamed(32).png,unnamed(32).png,10358,10.1 KB,image/png,72,72,square-ish,uncertain,
Images/Draco Coffee And Eatery 8_files/unnamed(33).png,unnamed(33).png,8851,8.6 KB,image/png,72,72,square-ish,uncertain,
Images/Draco Coffee And Eatery 8_files/unnamed(34).png,unnamed(34).png,12184,11.9 KB,image/png,72,72,square-ish,uncertain,
Images/Draco Coffee And Eatery 8_files/unnamed(35).png,unnamed(35).png,14200,13.9 KB,image/png,72,72,square-ish,uncertain,
Images/Draco Coffee And Eatery 8_files/unnamed(36).png,unnamed(36).png,9331,9.1 KB,image/png,72,72,square-ish,uncertain,
Images/Draco Coffee And Eatery 8_files/unnamed(37).png,unnamed(37).png,3804,3.7 KB,image/png,72,72,square-ish,uncertain,
Images/Draco Coffee And Eatery 8_files/unnamed(38).png,unnamed(38).png,2499,2.4 KB,image/png,72,72,square-ish,uncertain,
Images/Draco Coffee And Eatery 8_files/unnamed(39).png,unnamed(39).png,3740,3.7 KB,image/png,72,72,square-ish,uncertain,
Images/Draco Coffee And Eatery 8_files/unnamed(4).png,unnamed(4).png,12434,12.1 KB,image/png,72,72,square-ish,uncertain,
Images/Draco Coffee And Eatery 8_files/unnamed(40).png,unnamed(40).png,11947,11.7 KB,image/png,72,72,square-ish,uncertain,
Images/Draco Coffee And Eatery 8_files/unnamed(41).png,unnamed(41).png,3762,3.7 KB,image/png,72,72,square-ish,uncertain,
Images/Draco Coffee And Eatery 8_files/unnamed(42).png,unnamed(42).png,12225,11.9 KB,image/png,72,72,square-ish,uncertain,
Images/Draco Coffee And Eatery 8_files/unnamed(43).png,unnamed(43).png,3877,3.8 KB,image/png,72,72,square-ish,uncertain,
Images/Draco Coffee And Eatery 8_files/unnamed(44).png,unnamed(44).png,2427,2.4 KB,image/png,72,72,square-ish,uncertain,
Images/Draco Coffee And Eatery 8_files/unnamed(45).png,unnamed(45).png,12848,12.5 KB,image/png,72,72,square-ish,uncertain,
Images/Draco Coffee And Eatery 8_files/unnamed(46).png,unnamed(46).png,12317,12.0 KB,image/png,72,72,square-ish,uncertain,
Images/Draco Coffee And Eatery 8_files/unnamed(47).png,unnamed(47).png,2472,2.4 KB,image/png,72,72,square-ish,uncertain,
Images/Draco Coffee And Eatery 8_files/unnamed(48).png,unnamed(48).png,13122,12.8 KB,image/png,72,72,square-ish,uncertain,
Images/Draco Coffee And Eatery 8_files/unnamed(49).png,unnamed(49).png,11345,11.1 KB,image/png,72,72,square-ish,uncertain,
Images/Draco Coffee And Eatery 8_files/unnamed(5).png,unnamed(5).png,9858,9.6 KB,image/png,72,72,square-ish,uncertain,
Images/Draco Coffee And Eatery 8_files/unnamed(50).png,unnamed(50).png,235,235.0 B,image/png,32,32,square-ish,uncertain,
Images/Draco Coffee And Eatery 8_files/unnamed(6).png,unnamed(6).png,13747,13.4 KB,image/png,72,72,square-ish,uncertain,
Images/Draco Coffee And Eatery 8_files/unnamed(7).png,unnamed(7).png,13393,13.1 KB,image/png,72,72,square-ish,uncertain,
Images/Draco Coffee And Eatery 8_files/unnamed(8).png,unnamed(8).png,10681,10.4 KB,image/png,72,72,square-ish,uncertain,
Images/Draco Coffee And Eatery 8_files/unnamed(9).png,unnamed(9).png,9190,9.0 KB,image/png,72,72,square-ish,uncertain,
Images/Draco Coffee And Eatery 8_files/unnamed.jpg,unnamed.jpg,95429,93.2 KB,image/jpeg,384,512,portrait,uncertain,
Images/Draco Coffee And Eatery 8_files/unnamed.png,unnamed.png,12064,11.8 KB,image/png,72,72,square-ish,uncertain,
Images/Draco Coffee And Eatery 9_files/2024-02-15.jpg,2024-02-15.jpg,2589,2.5 KB,image/jpeg,64,64,square-ish,uncertain,
Images/Draco Coffee And Eatery 9_files/GoogleMaps_Logo_WithDarkOutline.png,GoogleMaps_Logo_WithDarkOutline.png,2133,2.1 KB,image/png,210,44,landscape,map-screenshot,contact/location-section
Images/Draco Coffee And Eatery 9_files/GoogleMaps_Logo_WithLightOutline.png,GoogleMaps_Logo_WithLightOutline.png,2113,2.1 KB,image/png,210,44,landscape,map-screenshot,contact/location-section
Images/Draco Coffee And Eatery 9_files/lockup_maps_color_131x24dp.png,lockup_maps_color_131x24dp.png,4596,4.5 KB,image/png,262,48,landscape,uncertain,
Images/Draco Coffee And Eatery 9_files/transparent.png,transparent.png,68,68.0 B,image/png,1,1,square-ish,uncertain,
Images/Draco Coffee And Eatery 9_files/unnamed(1).png,unnamed(1).png,11171,10.9 KB,image/png,72,72,square-ish,uncertain,
Images/Draco Coffee And Eatery 9_files/unnamed(10).png,unnamed(10).png,3302,3.2 KB,image/png,72,72,square-ish,uncertain,
Images/Draco Coffee And Eatery 9_files/unnamed(11).png,unnamed(11).png,12624,12.3 KB,image/png,72,72,square-ish,uncertain,
Images/Draco Coffee And Eatery 9_files/unnamed(12).png,unnamed(12).png,1728,1.7 KB,image/png,72,72,square-ish,uncertain,
Images/Draco Coffee And Eatery 9_files/unnamed(13).png,unnamed(13).png,13091,12.8 KB,image/png,72,72,square-ish,uncertain,
Images/Draco Coffee And Eatery 9_files/unnamed(14).png,unnamed(14).png,11958,11.7 KB,image/png,72,72,square-ish,uncertain,
Images/Draco Coffee And Eatery 9_files/unnamed(15).png,unnamed(15).png,11007,10.7 KB,image/png,72,72,square-ish,uncertain,
Images/Draco Coffee And Eatery 9_files/unnamed(16).png,unnamed(16).png,3749,3.7 KB,image/png,72,72,square-ish,uncertain,
Images/Draco Coffee And Eatery 9_files/unnamed(17).png,unnamed(17).png,7564,7.4 KB,image/png,72,72,square-ish,uncertain,
Images/Draco Coffee And Eatery 9_files/unnamed(18).png,unnamed(18).png,11521,11.3 KB,image/png,72,72,square-ish,uncertain,
Images/Draco Coffee And Eatery 9_files/unnamed(19).png,unnamed(19).png,11465,11.2 KB,image/png,72,72,square-ish,uncertain,
Images/Draco Coffee And Eatery 9_files/unnamed(2).png,unnamed(2).png,13940,13.6 KB,image/png,72,72,square-ish,uncertain,
Images/Draco Coffee And Eatery 9_files/unnamed(20).png,unnamed(20).png,11883,11.6 KB,image/png,72,72,square-ish,uncertain,
Images/Draco Coffee And Eatery 9_files/unnamed(21).png,unnamed(21).png,4248,4.1 KB,image/png,72,72,square-ish,uncertain,
Images/Draco Coffee And Eatery 9_files/unnamed(22).png,unnamed(22).png,12060,11.8 KB,image/png,72,72,square-ish,uncertain,
Images/Draco Coffee And Eatery 9_files/unnamed(23).png,unnamed(23).png,3695,3.6 KB,image/png,72,72,square-ish,uncertain,
Images/Draco Coffee And Eatery 9_files/unnamed(24).png,unnamed(24).png,10328,10.1 KB,image/png,72,72,square-ish,uncertain,
Images/Draco Coffee And Eatery 9_files/unnamed(25).png,unnamed(25).png,13179,12.9 KB,image/png,72,72,square-ish,uncertain,
Images/Draco Coffee And Eatery 9_files/unnamed(26).png,unnamed(26).png,12034,11.8 KB,image/png,72,72,square-ish,uncertain,
Images/Draco Coffee And Eatery 9_files/unnamed(27).png,unnamed(27).png,13302,13.0 KB,image/png,72,72,square-ish,uncertain,
Images/Draco Coffee And Eatery 9_files/unnamed(28).png,unnamed(28).png,12106,11.8 KB,image/png,72,72,square-ish,uncertain,
Images/Draco Coffee And Eatery 9_files/unnamed(29).png,unnamed(29).png,1788,1.7 KB,image/png,72,72,square-ish,uncertain,
Images/Draco Coffee And Eatery 9_files/unnamed(3).png,unnamed(3).png,13227,12.9 KB,image/png,72,72,square-ish,uncertain,
Images/Draco Coffee And Eatery 9_files/unnamed(30).png,unnamed(30).png,8486,8.3 KB,image/png,72,72,square-ish,uncertain,
Images/Draco Coffee And Eatery 9_files/unnamed(31).png,unnamed(31).png,11020,10.8 KB,image/png,72,72,square-ish,uncertain,
Images/Draco Coffee And Eatery 9_files/unnamed(32).png,unnamed(32).png,10358,10.1 KB,image/png,72,72,square-ish,uncertain,
Images/Draco Coffee And Eatery 9_files/unnamed(33).png,unnamed(33).png,8851,8.6 KB,image/png,72,72,square-ish,uncertain,
Images/Draco Coffee And Eatery 9_files/unnamed(34).png,unnamed(34).png,12184,11.9 KB,image/png,72,72,square-ish,uncertain,
Images/Draco Coffee And Eatery 9_files/unnamed(35).png,unnamed(35).png,14200,13.9 KB,image/png,72,72,square-ish,uncertain,
Images/Draco Coffee And Eatery 9_files/unnamed(36).png,unnamed(36).png,9331,9.1 KB,image/png,72,72,square-ish,uncertain,
Images/Draco Coffee And Eatery 9_files/unnamed(37).png,unnamed(37).png,3804,3.7 KB,image/png,72,72,square-ish,uncertain,
Images/Draco Coffee And Eatery 9_files/unnamed(38).png,unnamed(38).png,2499,2.4 KB,image/png,72,72,square-ish,uncertain,
Images/Draco Coffee And Eatery 9_files/unnamed(39).png,unnamed(39).png,3740,3.7 KB,image/png,72,72,square-ish,uncertain,
Images/Draco Coffee And Eatery 9_files/unnamed(4).png,unnamed(4).png,12434,12.1 KB,image/png,72,72,square-ish,uncertain,
Images/Draco Coffee And Eatery 9_files/unnamed(40).png,unnamed(40).png,11947,11.7 KB,image/png,72,72,square-ish,uncertain,
Images/Draco Coffee And Eatery 9_files/unnamed(41).png,unnamed(41).png,3762,3.7 KB,image/png,72,72,square-ish,uncertain,
Images/Draco Coffee And Eatery 9_files/unnamed(42).png,unnamed(42).png,12225,11.9 KB,image/png,72,72,square-ish,uncertain,
Images/Draco Coffee And Eatery 9_files/unnamed(43).png,unnamed(43).png,3877,3.8 KB,image/png,72,72,square-ish,uncertain,
Images/Draco Coffee And Eatery 9_files/unnamed(44).png,unnamed(44).png,2427,2.4 KB,image/png,72,72,square-ish,uncertain,
Images/Draco Coffee And Eatery 9_files/unnamed(45).png,unnamed(45).png,12848,12.5 KB,image/png,72,72,square-ish,uncertain,
Images/Draco Coffee And Eatery 9_files/unnamed(46).png,unnamed(46).png,12317,12.0 KB,image/png,72,72,square-ish,uncertain,
Images/Draco Coffee And Eatery 9_files/unnamed(47).png,unnamed(47).png,2472,2.4 KB,image/png,72,72,square-ish,uncertain,
Images/Draco Coffee And Eatery 9_files/unnamed(48).png,unnamed(48).png,13122,12.8 KB,image/png,72,72,square-ish,uncertain,
Images/Draco Coffee And Eatery 9_files/unnamed(49).png,unnamed(49).png,11345,11.1 KB,image/png,72,72,square-ish,uncertain,
Images/Draco Coffee And Eatery 9_files/unnamed(5).png,unnamed(5).png,9858,9.6 KB,image/png,72,72,square-ish,uncertain,
Images/Draco Coffee And Eatery 9_files/unnamed(50).png,unnamed(50).png,235,235.0 B,image/png,32,32,square-ish,uncertain,
Images/Draco Coffee And Eatery 9_files/unnamed(6).png,unnamed(6).png,13747,13.4 KB,image/png,72,72,square-ish,uncertain,
Images/Draco Coffee And Eatery 9_files/unnamed(7).png,unnamed(7).png,13393,13.1 KB,image/png,72,72,square-ish,uncertain,
Images/Draco Coffee And Eatery 9_files/unnamed(8).png,unnamed(8).png,10681,10.4 KB,image/png,72,72,square-ish,uncertain,
Images/Draco Coffee And Eatery 9_files/unnamed(9).png,unnamed(9).png,9190,9.0 KB,image/png,72,72,square-ish,uncertain,
Images/Draco Coffee And Eatery 9_files/unnamed.jpg,unnamed.jpg,95429,93.2 KB,image/jpeg,384,512,portrait,uncertain,
Images/Draco Coffee And Eatery 9_files/unnamed.png,unnamed.png,12064,11.8 KB,image/png,72,72,square-ish,uncertain,
Images/Screenshot 2025-10-26 at 16.36.30.png,Screenshot 2025-10-26 at 16.36.30.png,4662607,4.4 MB,image/png,2880,1800,landscape,uncertain,home-hero|gallery
Images/Screenshot 2025-10-26 at 16.36.36.png,Screenshot 2025-10-26 at 16.36.36.png,2279770,2.2 MB,image/png,1144,1448,square-ish,uncertain,
Images/Screenshot 2025-10-26 at 16.37.30.png,Screenshot 2025-10-26 at 16.37.30.png,2020253,1.9 MB,image/png,802,1276,portrait,uncertain,
Images/Screenshot 2025-10-26 at 16.37.42.png,Screenshot 2025-10-26 at 16.37.42.png,906418,885.2 KB,image/png,812,818,square-ish,uncertain,
Images/Screenshot 2025-10-26 at 16.38.01.png,Screenshot 2025-10-26 at 16.38.01.png,2108688,2.0 MB,image/png,1222,1394,square-ish,uncertain,gallery
Images/Screenshot 2025-10-26 at 16.38.12.png,Screenshot 2025-10-26 at 16.38.12.png,3032850,2.9 MB,image/png,1298,1406,square-ish,uncertain,gallery
Images/Screenshot 2025-10-26 at 16.38.21.png,Screenshot 2025-10-26 at 16.38.21.png,1867752,1.8 MB,image/png,1222,1390,square-ish,uncertain,gallery
Images/Screenshot 2025-10-26 at 16.38.34.png,Screenshot 2025-10-26 at 16.38.34.png,3068045,2.9 MB,image/png,1948,1386,landscape,uncertain,gallery
Images/Screenshot 2025-10-26 at 16.38.49.png,Screenshot 2025-10-26 at 16.38.49.png,2187808,2.1 MB,image/png,1214,1402,square-ish,uncertain,gallery
Images/Screenshot 2025-10-26 at 16.39.05.png,Screenshot 2025-10-26 at 16.39.05.png,4247891,4.1 MB,image/png,2760,1018,landscape,uncertain,home-hero|gallery
Images/Screenshot 2025-10-26 at 16.39.14.png,Screenshot 2025-10-26 at 16.39.14.png,2211747,2.1 MB,image/png,1216,1378,square-ish,uncertain,gallery
Images/Screenshot 2025-10-26 at 16.39.21.png,Screenshot 2025-10-26 at 16.39.21.png,2663960,2.5 MB,image/png,1386,1392,square-ish,uncertain,gallery
Images/Screenshot 2025-10-26 at 16.39.28.png,Screenshot 2025-10-26 at 16.39.28.png,1503130,1.4 MB,image/png,916,1348,portrait,uncertain,
Images/Screenshot 2025-10-26 at 16.39.37.png,Screenshot 2025-10-26 at 16.39.37.png,1973687,1.9 MB,image/png,1222,1402,square-ish,uncertain,gallery
Images/Screenshot 2025-10-26 at 16.39.45.png,Screenshot 2025-10-26 at 16.39.45.png,1628650,1.6 MB,image/png,1220,1388,square-ish,uncertain,gallery
Images/Screenshot 2025-10-26 at 16.40.03.png,Screenshot 2025-10-26 at 16.40.03.png,2362111,2.3 MB,image/png,1622,1406,square-ish,uncertain,gallery
Images/Screenshot 2025-10-26 at 16.40.12.png,Screenshot 2025-10-26 at 16.40.12.png,1949160,1.9 MB,image/png,1208,1368,square-ish,uncertain,gallery
Images/Screenshot 2025-10-26 at 16.40.20.png,Screenshot 2025-10-26 at 16.40.20.png,2580848,2.5 MB,image/png,1360,1392,square-ish,uncertain,gallery
Images/Screenshot 2025-10-26 at 16.40.29.png,Screenshot 2025-10-26 at 16.40.29.png,2667642,2.5 MB,image/png,1208,1394,square-ish,uncertain,gallery
Images/Screenshot 2025-10-26 at 16.40.53.png,Screenshot 2025-10-26 at 16.40.53.png,2472596,2.4 MB,image/png,1218,1382,square-ish,uncertain,gallery
Images/Screenshot 2025-10-26 at 16.41.03.png,Screenshot 2025-10-26 at 16.41.03.png,1606167,1.5 MB,image/png,1296,1362,square-ish,uncertain,gallery
Images/Screenshot 2025-10-26 at 16.41.16.png,Screenshot 2025-10-26 at 16.41.16.png,3507088,3.3 MB,image/png,2842,1108,landscape,uncertain,home-hero|gallery
Images/Screenshot 2025-10-26 at 16.41.27.png,Screenshot 2025-10-26 at 16.41.27.png,4342150,4.1 MB,image/png,2832,1004,landscape,uncertain,home-hero|gallery
Images/Screenshot 2025-10-26 at 16.41.36.png,Screenshot 2025-10-26 at 16.41.36.png,2161909,2.1 MB,image/png,1216,1360,square-ish,uncertain,gallery
Images/Screenshot 2025-10-26 at 16.41.45.png,Screenshot 2025-10-26 at 16.41.45.png,1295928,1.2 MB,image/png,906,1320,portrait,uncertain,
Images/Screenshot 2025-10-26 at 16.41.53.png,Screenshot 2025-10-26 at 16.41.53.png,3175013,3.0 MB,image/png,2788,1022,landscape,uncertain,home-hero|gallery
Images/Screenshot 2025-10-26 at 16.42.01.png,Screenshot 2025-10-26 at 16.42.01.png,2147453,2.0 MB,image/png,1212,1364,square-ish,uncertain,gallery
Images/Screenshot 2025-10-26 at 16.42.08.png,Screenshot 2025-10-26 at 16.42.08.png,1825369,1.7 MB,image/png,1206,1362,square-ish,uncertain,gallery
Images/Screenshot 2025-10-26 at 16.42.15.png,Screenshot 2025-10-26 at 16.42.15.png,1521656,1.5 MB,image/png,1206,1364,square-ish,uncertain,gallery
Images/Screenshot 2025-10-26 at 16.42.25.png,Screenshot 2025-10-26 at 16.42.25.png,1633687,1.6 MB,image/png,1218,1374,square-ish,uncertain,gallery
Images/Screenshot 2025-10-26 at 16.42.32.png,Screenshot 2025-10-26 at 16.42.32.png,1155146,1.1 MB,image/png,1218,1384,square-ish,uncertain,gallery
Images/Screenshot 2025-10-26 at 16.42.44.png,Screenshot 2025-10-26 at 16.42.44.png,1961761,1.9 MB,image/png,1690,1382,square-ish,uncertain,gallery
Images/Screenshot 2025-10-26 at 16.43.10.png,Screenshot 2025-10-26 at 16.43.10.png,2260932,2.2 MB,image/png,1214,1370,square-ish,uncertain,gallery
Images/Screenshot 2025-10-26 at 16.43.20.png,Screenshot 2025-10-26 at 16.43.20.png,1702876,1.6 MB,image/png,1216,1388,square-ish,uncertain,gallery
Images/Screenshot 2025-10-26 at 16.43.27.png,Screenshot 2025-10-26 at 16.43.27.png,2541245,2.4 MB,image/png,1884,1386,landscape,uncertain,gallery
Images/Screenshot 2025-10-26 at 16.43.34.png,Screenshot 2025-10-26 at 16.43.34.png,3134830,3.0 MB,image/png,1622,1376,square-ish,uncertain,gallery
Images/Screenshot 2025-10-26 at 16.43.42.png,Screenshot 2025-10-26 at 16.43.42.png,1538455,1.5 MB,image/png,1210,1384,square-ish,uncertain,gallery
Images/Screenshot 2025-10-26 at 16.43.50.png,Screenshot 2025-10-26 at 16.43.50.png,1099777,1.0 MB,image/png,1216,1384,square-ish,uncertain,gallery
Images/Screenshot 2025-10-26 at 16.43.58.png,Screenshot 2025-10-26 at 16.43.58.png,1781531,1.7 MB,image/png,1208,1386,square-ish,uncertain,gallery
Images/Screenshot 2025-10-26 at 16.44.08.png,Screenshot 2025-10-26 at 16.44.08.png,3070756,2.9 MB,image/png,1834,1390,landscape,uncertain,gallery
Images/Screenshot 2025-10-26 at 16.44.16.png,Screenshot 2025-10-26 at 16.44.16.png,2020416,1.9 MB,image/png,1202,1386,square-ish,uncertain,gallery
Images/Screenshot 2025-10-26 at 16.44.25.png,Screenshot 2025-10-26 at 16.44.25.png,2710148,2.6 MB,image/png,1834,1372,landscape,uncertain,gallery
Images/Screenshot 2025-10-26 at 16.44.55.png,Screenshot 2025-10-26 at 16.44.55.png,2357845,2.2 MB,image/png,1188,1392,square-ish,uncertain,
Images/Screenshot 2025-10-26 at 16.45.07.png,Screenshot 2025-10-26 at 16.45.07.png,3484599,3.3 MB,image/png,2232,1370,landscape,uncertain,home-hero|gallery
Images/Screenshot 2025-10-26 at 16.45.15.png,Screenshot 2025-10-26 at 16.45.15.png,1305282,1.2 MB,image/png,1194,1374,square-ish,uncertain,
Images/Screenshot 2025-10-26 at 16.46.15.png,Screenshot 2025-10-26 at 16.46.15.png,2471381,2.4 MB,image/png,1194,1116,square-ish,uncertain,
Images/Screenshot 2025-10-26 at 16.46.26.png,Screenshot 2025-10-26 at 16.46.26.png,2193602,2.1 MB,image/png,1588,1030,landscape,uncertain,gallery
Images/Screenshot 2025-10-26 at 16.48.07.png,Screenshot 2025-10-26 at 16.48.07.png,2918374,2.8 MB,image/png,1880,946,landscape,uncertain,gallery
Images/Screenshot 2025-10-26 at 16.49.04.png,Screenshot 2025-10-26 at 16.49.04.png,2663798,2.5 MB,image/png,1216,1382,square-ish,uncertain,gallery
Images/Screenshot 2025-10-27 at 00.58.34.png,Screenshot 2025-10-27 at 00.58.34.png,668804,653.1 KB,image/png,2880,1800,landscape,uncertain,home-hero|gallery
Images/Screenshot 2025-10-27 at 00.58.49.png,Screenshot 2025-10-27 at 00.58.49.png,668804,653.1 KB,image/png,2880,1800,landscape,uncertain,home-hero|gallery
